observed_at,usdinr,xauusd,xagusd,source
2026-09-19T20:40:16.721029+05:30,95.87999725341797,4424.89990234375,66.55599975585938,Yahoo Finance
2026-09-19T20:44:05.541214+05:30,95.87999725341797,4424.89990234375,66.55599975585938,Yahoo Finance
2026-09-19T20:46:05.745436+05:30,95.86299896240234,4424.89990234375,67.14900207519531,Yahoo Finance
2026-09-19T20:52:58.276293+05:30,95.86299896240234,4424.89990234375,67.14900207519531,Yahoo Finance
2026-09-19T23:37:57.849934+05:30,95.86299896240234,4424.89990234375,67.14900207519531,Yahoo Finance
2026-09-20T02:21:33.523344+05:30,95.86299896240234,4424.89990234375,67.14900207519531,Yahoo Finance
2026-09-20T04:46:59.781080+05:30,95.86299896240234,4424.89990234375,67.14900207519531,Yahoo Finance
2026-09-20T06:49:32.097632+05:30,95.86299896240234,4424.89990234375,67.14900207519531,Yahoo Finance
2026-09-20T12:00:03.376155+05:30,95.86299896240234,4424.89990234375,67.14900207519531,Yahoo Finance
2026-09-20T17:13:18.127634+05:30,95.86299896240234,4424.89990234375,67.14900207519531,Yahoo Finance
2026-09-20T21:49:17.600720+05:30,95.86299896240234,4424.89990234375,67.14900207519531,Yahoo Finance
2026-09-21T00:25:12.104428+05:30,95.86299896240234,4424.89990234375,67.14900207519531,Yahoo Finance
2026-09-21T03:10:54.044417+05:30,95.86299896240234,4424.89990234375,67.14900207519531,Yahoo Finance
2026-09-21T05:49:58.822944+05:30,95.86299896240234,4405.5,66.875,Yahoo Finance
2026-09-21T10:40:22.244542+05:30,95.78299713134766,4392.7998046875,66.72000122070312,Yahoo Finance
2026-09-21T16:22:51.578107+05:30,95.80500030517578,4387.0,66.58000183105469,Yahoo Finance
2026-09-21T22:37:47.685964+05:30,95.80500030517578,4382.7998046875,66.5199966430664,Yahoo Finance
2026-09-22T02:39:54.143732+05:30,95.80500030517578,4381.7001953125,66.5250015258789,Yahoo Finance
2026-09-22T05:41:49.904837+05:30,95.80500030517578,4407.10009765625,67.18499755859375,Yahoo Finance
2026-09-22T10:41:28.961084+05:30,95.76000213623047,4379.2998046875,66.44999694824219,Yahoo Finance
2026-09-22T15:37:38.660479+05:30,95.58000183105469,4364.5,65.98500061035156,Yahoo Finance
2026-09-22T20:33:51.870686+05:30,95.58000183105469,4358.89990234375,66.08999633789062,Yahoo Finance
2026-09-23T00:30:21.533807+05:30,95.58000183105469,4390.60009765625,67.36499786376953,Yahoo Finance
2026-09-23T03:50:45.171912+05:30,95.58000183105469,4399.2998046875,67.70999908447266,Yahoo Finance
2026-09-23T06:15:53.341941+05:30,95.58000183105469,4396.60009765625,67.8949966430664,Yahoo Finance
2026-09-23T11:39:30.151984+05:30,95.68000030517578,4371.5,66.82499694824219,Yahoo Finance
2026-09-23T17:23:19.786304+05:30,95.73999786376953,4338.2998046875,65.375,Yahoo Finance
2026-09-23T22:48:07.875713+05:30,95.7300033569336,4317.2998046875,64.88999938964844,Yahoo Finance
2026-09-24T02:02:57.252601+05:30,95.7300033569336,4320.0,64.83499908447266,Yahoo Finance
2026-09-24T05:18:45.149370+05:30,95.7300033569336,4322.39990234375,64.81999969482422,Yahoo Finance
2026-09-24T10:35:45.344270+05:30,95.87249755859375,4324.39990234375,64.625,Yahoo Finance
2026-09-24T15:45:24.143480+05:30,95.94499969482422,4286.7998046875,64.06999969482422,Yahoo Finance
2026-09-24T20:48:19.246048+05:30,95.94499969482422,4284.7001953125,63.630001068115234,Yahoo Finance
2026-09-25T00:50:24.718288+05:30,95.94499969482422,4304.7998046875,64.13500213623047,Yahoo Finance
2026-09-25T04:04:31.130342+05:30,95.94499969482422,4304.7001953125,64.1449966430664,Yahoo Finance
2026-09-25T07:09:31.539943+05:30,95.94499969482422,4328.7001953125,64.44499969482422,Yahoo Finance
2026-09-25T13:30:01.993935+05:30,95.83000183105469,4314.2001953125,64.23500061035156,Yahoo Finance
2026-09-25T19:28:21.199110+05:30,95.802001953125,4311.60009765625,64.28500366210938,Yahoo Finance
2026-09-26T00:15:35.854606+05:30,95.802001953125,4329.2998046875,64.97000122070312,Yahoo Finance
2026-09-26T04:03:44.709395+05:30,95.802001953125,4320.5,64.70999908447266,Yahoo Finance
2026-09-26T07:14:05.421299+05:30,95.802001953125,4320.5,64.70999908447266,Yahoo Finance
2026-09-26T13:23:06.277165+05:30,95.802001953125,4320.5,64.70999908447266,Yahoo Finance
2026-09-26T18:45:25.437679+05:30,95.802001953125,4321.2001953125,64.8010025024414,Yahoo Finance
2026-09-26T22:47:57.782245+05:30,95.802001953125,4321.2001953125,64.8010025024414,Yahoo Finance
2026-09-27T01:30:01.730285+05:30,95.802001953125,4321.2001953125,64.8010025024414,Yahoo Finance
2026-09-27T04:30:20.078181+05:30,95.802001953125,4321.2001953125,64.8010025024414,Yahoo Finance
2026-09-27T07:05:49.016241+05:30,95.802001953125,4321.2001953125,64.8010025024414,Yahoo Finance
2026-09-27T13:53:42.561598+05:30,95.802001953125,4321.2001953125,64.8010025024414,Yahoo Finance
2026-09-27T19:38:01.603085+05:30,95.802001953125,4321.2001953125,64.8010025024414,Yahoo Finance
2026-09-28T00:02:48.068998+05:30,95.802001953125,4321.2001953125,64.8010025024414,Yahoo Finance
2026-09-28T03:53:41.968363+05:30,95.802001953125,4305.60009765625,64.41999816894531,Yahoo Finance
2026-09-28T06:27:26.424661+05:30,95.802001953125,4268.5,63.650001525878906,Yahoo Finance
2026-09-28T12:37:20.837731+05:30,95.97750091552734,4195.2001953125,61.810001373291016,Yahoo Finance
2026-09-28T21:10:54.420564+05:30,95.9729995727539,4156.39990234375,61.45500183105469,Yahoo Finance
2026-09-29T03:40:31.976390+05:30,95.9729995727539,4149.7001953125,61.025001525878906,Yahoo Finance
2026-09-29T07:36:08.336619+05:30,95.9729995727539,4166.39990234375,61.13999938964844,Yahoo Finance
2026-09-29T14:15:37.239014+05:30,95.9800033569336,4170.2998046875,60.959999084472656,Yahoo Finance
2026-09-29T21:30:57.667425+05:30,95.97000122070312,4189.0,61.189998626708984,Yahoo Finance
2026-09-30T02:25:29.933611+05:30,95.97000122070312,4217.10009765625,61.88999938964844,Yahoo Finance
2026-09-30T06:06:26.347125+05:30,95.97000122070312,4213.7001953125,61.724998474121094,Yahoo Finance
2026-09-30T12:24:49.265856+05:30,95.97000122070312,4213.7998046875,61.404998779296875,Yahoo Finance
2026-09-30T19:28:16.628032+05:30,95.81999969482422,4214.2001953125,61.244998931884766,Yahoo Finance
2026-10-01T01:01:15.562938+05:30,95.81999969482422,4186.89990234375,60.685001373291016,Yahoo Finance
2026-10-01T05:29:53.836271+05:30,95.81999969482422,4186.2998046875,60.709999084472656,Yahoo Finance
2026-10-01T11:42:13.521485+05:30,95.9800033569336,4219.2001953125,61.70000076293945,Yahoo Finance
2026-10-01T19:05:51.982897+05:30,96.31500244140625,4200.7001953125,61.43000030517578,Yahoo Finance
2026-10-02T01:09:08.038783+05:30,96.30500030517578,4207.2001953125,61.29999923706055,Yahoo Finance
2026-10-02T05:28:55.680414+05:30,96.30999755859375,4209.5,61.474998474121094,Yahoo Finance
2026-10-02T11:25:29.639168+05:30,96.30000305175781,4217.60009765625,61.665000915527344,Yahoo Finance
2026-10-02T17:59:37.438418+05:30,96.30000305175781,4210.89990234375,61.29999923706055,Yahoo Finance
2026-10-02T18:24:53.123977+05:30,96.30000305175781,4242.60009765625,62.01499938964844,Yahoo Finance
2026-10-03T00:03:28.672134+05:30,96.30000305175781,4167.10009765625,60.58000183105469,Yahoo Finance
2026-10-03T04:36:08.872684+05:30,96.30000305175781,4172.10009765625,60.709999084472656,Yahoo Finance
2026-10-03T07:37:53.722610+05:30,96.30000305175781,4172.10009765625,60.709999084472656,Yahoo Finance
